cycle,capacity_Ah,avg_voltage_V,min_voltage_V,max_voltage_V,avg_current_A,avg_temperature_C,max_temperature_C,discharge_time_s,SOH_percent,SOH_change_percent,SOH_rolling_mean
2,1.8564874208181574,3.5298286688693397,2.612467347907089,4.191491807505295,-1.8187019641679727,32.572328114029,38.98218133148803,3690.234,100.0,,
4,1.846327249719927,3.5373201277859714,2.587208728940726,4.189773213846608,-1.8175598506612867,32.72523522519307,39.033397966787035,3672.344,99.45272071416714,-0.5472792858328575,
6,1.8353491942234077,3.5437367282719,2.6519168938437794,4.188186735991303,-1.8164865418840956,32.64286193755933,38.818796689817404,3651.641,98.86138595081705,-0.5913347633500905,
8,1.8352625275821128,3.5436661072601456,2.592947964776547,4.188461118855572,-1.8255891938692528,32.51487646204882,38.7623045063458,3631.563,98.85671763794173,-0.004668312875324432,
10,1.8346455082120419,3.5423432526672167,2.547419651124539,4.188298524761055,-1.8261139590277586,32.38234901543077,38.66539257343368,3629.172,98.82348178817772,-0.033235849764011505,99.19886121822073
12,1.8356616600675495,3.5413347346347575,2.5209480504077413,4.188815807948604,-1.8168108743168803,32.43418218230641,38.75169504640032,3652.281,98.87821697485944,0.05473518668172517,98.97450461319262
14,1.8351461429226603,3.5410250495075215,2.487927319492314,4.18839163793879,-1.816791144707133,32.480416444757985,38.8207012322275,3650.828,98.85044855913476,-0.027768415724679585,98.85405018218614
16,1.8257567905665537,3.554133296801584,2.6652049047458775,4.188927891511958,-1.8443412120754061,32.41046186109587,38.51713023385634,3572.453,98.34468955151549,-0.5057590076192753,98.75071090232584
18,1.8247738529891333,3.5529355991467955,2.6038584726333673,4.189029250882121,-1.853972745505648,32.3461408313,38.526267904657,3550.594,98.29174345738105,-0.05294609413444107,98.6377160662137
20,1.824613268496936,3.5512057319376997,2.552853984885676,4.189223427076418,-1.8535899338510957,32.27679750791685,38.52698128472781,3551.25,98.2830935473199,-0.0086499100611519,98.52963841804213
22,1.8246195526864504,3.549292319740949,2.4724483018527317,4.188916055911241,-1.863380178294828,32.15709350345252,38.54143406601644,3530.25,98.28343204622077,0.00033849890087367385,98.41068143231439
25,1.8142019357673917,3.559759220648976,2.64956413267546,4.189876247266316,-1.872968810287894,32.36407129853099,38.52197451768004,3491.016,97.72228539894279,-0.5611466472779796,98.185048800276
27,1.8137521577549054,3.558081969139198,2.5724981777366227,4.189286794768804,-1.8826095043160833,32.3181954403762,38.582485834057856,3470.281,97.69805803238793,-0.024227366554853802,98.05572249645049
29,1.8134404914735822,3.555692244172496,2.5249886697730286,4.188837765892728,-1.882536787636365,32.15709029211502,38.520294134873915,3470.0,97.68127007692816,-0.01678795545977607,97.93362782035992
31,1.8025980036306504,3.562746818017503,2.694621861688723,4.189110301768517,-1.8817935155260215,32.04407000314609,38.21358592965045,3450.297,97.09723768751647,-0.5840323894116892,97.69645664839922
33,1.80210690024615,3.5614521756489204,2.64010141737067,4.18921207304098,-1.8921861285036712,31.931593674911532,38.1983618706913,3429.407,97.07078432300706,-0.026453364509407606,97.45392710375647
35,1.802579500826209,3.5603420474985823,2.5739035098380962,4.188899969428112,-1.9027629207037406,31.941655359029298,38.31926916027133,3409.484,97.09624103091467,0.025456707907608234,97.32871823015087
37,1.8030683142834096,3.5591189041401865,2.4942396831720126,4.188779799856791,-1.9133470605822436,31.965008645476725,38.4787542519308,3390.422,97.12257104811376,0.026330017199086342,97.21362083329602
39,1.8027776247196041,3.557886771846508,2.4556793246645583,4.189272591516219,-1.9131602105481538,31.966241678512723,38.54659017774874,3390.281,97.1069130069902,-0.015658041123558064,97.09874941930843
42,1.8470259949329193,3.5520375235511907,2.632142800798914,4.187614060563439,-1.8553455745575975,32.37143341978575,38.44749852224995,3591.734,99.49035873989017,2.383445732899972,97.57737362978318
46,1.847417311283644,3.5525668436897124,2.5027764692056795,4.1876287811083985,-1.8746995273150975,32.70024990461686,38.992275791716615,3552.297,99.5114370594272,0.021078319537025436,98.0655041770672
50,1.8361774213478947,3.556794038327039,2.617507742871704,4.187447226312926,-1.873827212788385,32.32266411829938,38.51424197364312,3531.578,98.90599854098058,-0.6054385184466184,98.42745567908038
54,1.8257807475776242,3.5614100044534203,2.694074478000972,4.187344026387161,-1.883193546754683,31.98795810666763,38.165816144899125,3492.907,98.34597999985365,-0.5600185411269223,98.67213746942835
58,1.8251136435078368,3.5566107947817986,2.6237674644021887,4.187438187636325,-1.873239184822504,31.894456524691385,38.16526203587147,3511.594,98.31004632950896,-0.03593367034468997,98.91276413393211
62,1.8255815042203762,3.5586742170266272,2.5010798299873738,4.18774138117799,-1.9139593751505897,31.78039681801023,38.27549578575718,3431.9370000000054,98.33524772367372,0.02520139416475331,98.68174193068882
66,1.8140311275083907,3.564103182686905,2.6849988185249796,4.188261122540052,-1.9030532722310995,31.688747146342205,37.982160799183106,3431.125,97.71308478400267,-0.6221629396710426,98.3220714756039
70,1.8147691941158939,3.559588063594272,2.547109116468133,4.187338767288234,-1.9134590742247914,31.596747992569153,38.11100191887773,3412.406,97.75284086310275,0.03975607910007284,98.09143994002835
74,1.813969388710352,3.556833231052199,2.471314764334132,4.187560306288175,-1.913620909902553,31.565586498787077,38.18831137948753,3410.688,97.70975921350076,-0.04308164960198724,97.96419578275777
78,1.802765665167823,3.5624410850948944,2.6613903306108773,4.18805176248713,-1.9025819745719061,31.59124667045208,37.998541119085836,3410.718,97.10626880376819,-0.6034904097325722,97.72344027760963
82,1.804077040117352,3.5591407106855666,2.541762355407921,4.187667484260542,-1.9130621638638965,31.603485399391182,38.194201649765226,3392.719,97.17690623092355,0.07063742715536137,97.49177197905958
86,1.8518025516704486,3.5573161327793144,2.628919415830567,4.2010701773378685,-1.920618117118412,31.91556385491565,38.45796400011448,3470.672,99.74764875349146,2.5707425225679117,97.89868477295734
90,1.8307038456739428,3.561870782772737,2.6312552691827045,4.1996223345495824,-1.9298830859597569,32.081128118597164,38.49126351534004,3414.109,98.61116348782737,-1.136485265664092,98.07034929790225
94,1.8199041089501267,3.5617586337260088,2.654880745360911,4.199853323702163,-1.9293005284805407,31.849792632896243,38.31473393357882,3395.219,98.02943389447215,-0.5817295933552202,98.13428423409655
98,1.8093079637028517,3.5597307651083123,2.6749688422803803,4.199103467081427,-1.923330987770314,31.465690433362017,37.861934640176806,3386.0,97.45867078945713,-0.5707631050150184,98.20476463123433
102,1.80460990458052,3.5575937553540915,2.6159705726789904,4.199998536865001,-1.9284469980320087,31.40934895665031,37.90665575786083,3368.187,97.20560906279802,-0.2530617266591122,98.21050519760924
106,1.7993770651972192,3.5597237883937995,2.658447162110498,4.19967522099872,-1.9231439161693824,31.902247475518077,38.34003238560517,3368.266,96.92374130950105,-0.28186775329696445,97.64572370881115
110,1.7884432335370462,3.559061771422033,2.6979426084271156,4.1991847248803165,-1.9170149640438081,31.649024294808623,38.0745950590744,3358.719,96.33478867036308,-0.5889526391379718,97.19044874531829
114,1.7829230484252723,3.557015527748059,2.6617272246516333,4.200012480335,-1.922048805055383,31.48874626238971,38.07252758016199,3339.5,96.03744299218224,-0.29734567818084656,96.7920505648603
118,1.7730337158018288,3.5562481933590964,2.699288287625812,4.1992373656547874,-1.9162302821549877,31.329995610092634,37.80133585100446,3331.265,95.50475246530081,-0.5326905268814244,96.40126690002904
122,1.773037755078937,3.5532756526091784,2.6127932408838532,4.1993957811187075,-1.9220800182578983,31.569551201845574,38.39873985476869,3321.188,95.50497004162602,0.0002175763252125762,96.06113909579463
126,1.7678721106662054,3.556266431640255,2.6637064901468075,4.1995786980260705,-1.9162417890311958,32.111426258867944,38.74929237918251,3321.844,95.22672175646096,-0.2782482851650627,95.72173518518662
130,1.7623150704093087,3.5563095420140822,2.6668454289754746,4.199546957512695,-1.9158809823517762,32.271676011112376,38.87275464755104,3311.828,94.92739086983165,-0.2993308866293063,95.44025562508034
134,1.7676172924938447,3.558950851054106,2.684431051981017,4.194091469340824,-1.9114406265753041,31.842291659678658,38.503541429116005,3327.391,95.21299593373234,0.2856050639006895,95.27536621339036
136,1.762668359743147,3.5534418211598053,2.645224362345869,4.200715235801255,-1.9158166997544155,31.759815453754253,38.27009094548294,3312.078,94.94642085785509,-0.26657507587725604,95.1636998919012
140,1.7517304870664143,3.5510121537420285,2.6603527244917,4.1990980807180325,-1.9151304155635374,31.41911167391793,38.11684755251712,3293.172,94.35725054869607,-0.5891703091590159,94.93415599331522
144,1.7418496047960008,3.551317608213948,2.6926849789916263,4.199398534411534,-1.9148485784393638,31.331626572312267,38.04152715355532,3275.328,93.82501520146927,-0.532235347226802,94.65381468231689
148,1.7360913511847138,3.549003180550162,2.670544734728978,4.199122915612965,-1.9144128654409127,31.35934131425137,38.17980302242767,3265.016,93.51484592444021,-0.31016927702906116,94.37130569323861
150,1.7936240148573608,3.5597648340955175,2.605158060541757,4.190409478081396,-1.9388813849818083,34.31088483888259,40.71218198711114,3328.937,96.61385230754256,3.099006383102349,94.65147696800064
154,1.7831890223273275,3.5623454342368555,2.672012007453096,4.199933846791869,-1.927509725704535,33.43585640373788,39.885261233152924,3329.266,96.05176972012408,-0.5620825874184732,94.87254674045445
158,1.7673642076278957,3.558336657621618,2.674271233724938,4.199365021329158,-1.9267185977839403,32.66698125020078,39.18287352945846,3301.579,95.19936347583841,-0.8524062442856746,95.04096932588291
162,1.7570177850353066,3.554013138622869,2.6309416727017187,4.19902365945384,-1.9261308349663746,32.28423408691397,38.951564804030774,3283.563,94.64205172265511,-0.5573117531832992,95.20437663012008
166,1.7468706179837907,3.552376095886298,2.6629725743154204,4.199432142144215,-1.9202346781375206,32.00739178780946,38.607510759873634,3275.125,94.09547290193551,-0.5465788207196027,95.32050202561913
170,1.7417172507457144,3.549618661283733,2.612942119873717,4.199640922827531,-1.9201011498853633,32.06387071886056,38.920359903369054,3265.656,93.81788592880078,-0.27758697313473135,94.76130874987078
174,1.7364225056478186,3.54938103086703,2.6157198442661476,4.199305653118061,-1.9144278105456467,32.43754560319043,39.23273115358871,3266.093,93.53268361401415,-0.2852023147866305,94.25749152864879
178,1.7263217239235826,3.5472118680418956,2.6287695472774453,4.198949734540481,-1.908340706503589,32.16809876635083,38.964927068400804,3257.594,92.988603346571,-0.5440802674431495,93.8153395027953
182,1.7158065389330133,3.5467052098640246,2.6655106679421823,4.19834220599025,-1.902207182631691,32.05752645824972,38.83927283461771,3248.593,92.42220117908766,-0.5664021674833322,93.37136939408182
186,1.710533351135192,3.544629653883431,2.650495153350403,4.198995776266302,-1.9020484449938713,31.975920928072714,38.82796377704433,3238.766,92.13816005181208,-0.28404112727558584,92.97990682405712
190,1.706014499648521,3.5436291614253204,2.643236235233877,4.19916986492694,-1.8964907679062355,32.21689335291319,39.14007944734004,3240.14,91.89475137389712,-0.24340867791495668,92.5952799130764
194,1.7003110272642588,3.5444946147995258,2.656450207001938,4.199246833083063,-1.895971437908019,32.55632993697177,39.349611598028886,3230.109,91.58753289666399,-0.30721847723313545,92.20624976960637
198,1.6945798601797895,3.5409201846556857,2.626177688152069,4.1992551886401595,-1.8899648799839277,32.40048085325998,39.29444535878087,3229.7810000000027,91.27882263985312,-0.30871025681086905,91.8642936282628
202,1.6849029086609286,3.541195668799061,2.6582230344240045,4.199610827671791,-1.8893703824420507,32.29371860868794,39.10487658009542,3212.469,90.75757205607074,-0.5212505837823755,91.5313678036594
206,1.6744741591159717,3.540671044783382,2.695100237338448,4.1994453812630566,-1.8776883243431417,32.136071448067796,39.0462609369598,3213.219,90.19582574806932,-0.5617463080014176,91.14290094291087
210,1.6745692479879102,3.5376048790268775,2.639091813583503,4.198991968341307,-1.8831065986697755,32.38268549723498,39.398032192832,3203.578,90.2009477257823,0.0051219777129745125,90.8041402132879
214,1.663716375981405,3.538422485261741,2.6857210282450983,4.197785116892181,-1.876359921441716,32.30899951427637,39.10678394120843,3195.125,89.6163559916933,-0.5845917340890026,90.40990483229375
216,1.659013868748246,3.53928626988912,2.69017866510873,4.201331130571617,-1.8709550260104437,32.56636929496716,39.44448954135193,3195.3129999999946,89.3630546668135,-0.25330132487979995,90.02675123768583
220,1.6538540573335014,3.533690170241391,2.639895313359579,4.199339974904826,-1.8705599868289542,32.46542951751835,39.509602016775695,3186.297,89.08512057704355,-0.2779340897699427,89.69226094188039
224,1.642653782130131,3.534367734544495,2.68991452927918,4.198916244859707,-1.8640049795794804,32.347056454418095,39.334865362245324,3176.438,88.48181591266643,-0.60330466437712,89.34945897479982
228,1.6378578430223698,3.5312941932103548,2.65935818848874,4.198537488587242,-1.8636932149873204,32.371538940646154,39.43723270017243,3167.593,88.22348186450748,-0.25833404815895733,88.95396580254484
232,1.6327350407099108,3.5309134771684274,2.6657030585650423,4.198943932259475,-1.857820396301907,32.45549347979197,39.51375235624076,3167.719,87.94754127611387,-0.2759405883936097,88.62020285942897
236,1.6277528915533617,3.5287226893409893,2.642986759012803,4.199579806494986,-1.8572160981955346,32.50017194695606,39.60170302810528,3159.077999999994,87.67917699307695,-0.2683642830369166,88.28342732468165
240,1.622125485521159,3.52625493581969,2.6311169118893036,4.198782234828033,-1.8568340008006827,32.50100298369444,39.687463597582074,3148.829,87.37605584239753,-0.3031211506794165,87.94161437775246
244,1.6113256603765849,3.528684324337005,2.696157404617167,4.19910517813207,-1.8448886500218815,32.4728927422438,39.53535075538898,3149.094,86.79432148624366,-0.5817343561538735,87.6041154924679
248,1.6065631397488385,3.525556939424901,2.6667596238241567,4.198510853141954,-1.8444180038305806,32.50480154634882,39.6502371632164,3140.547,86.53778753000239,-0.2565339562412703,87.26697662556688
252,1.6015142233917594,3.5226805646793737,2.6403185448373043,4.198732430468704,-1.8438790389835118,32.51218336210202,39.69929058154853,3131.625,86.26582682073705,-0.2719607092653433,86.93063373449152
256,1.590369231400328,3.524673458789008,2.69892986372897,4.198799630396931,-1.83711254029409,32.45692821941515,39.56076309770468,3121.907,85.66549999565574,-0.6003268250813107,86.52789833500728
260,1.5857889968242211,3.5213155754526824,2.6682466504352993,4.198753541225669,-1.8315957075983758,32.447059186431154,39.63708096307912,3122.125,85.4187849075412,-0.24671508811454146,86.136444148036
264,1.5849430707374117,3.51803386486462,2.6479207279724903,4.200309982421394,-1.8311195242792309,32.32889654966259,39.43977047692484,3121.672,85.37321895986369,-0.04556594767750255,85.85222364276001
266,1.5955263892495937,3.5236841955396794,2.6741633856529066,4.201124089732316,-1.8432799764914718,32.84488475360107,39.839022256254516,3120.86,85.94329115068511,0.5700721908214206,85.73332436689655
270,1.5747301747801037,3.519146638240668,2.6892528956736257,4.198150316653697,-1.829798505957538,32.31731555011648,39.41794949618613,3103.828,84.82309964083233,-1.1201915098527877,85.44477893091562
274,1.5649019950937946,3.516233648608237,2.688809122993162,4.198524048997099,-1.8236746835609148,32.06376130177751,39.262781682151214,3095.094,84.29370312695895,-0.5293965138733796,85.17041955717625
278,1.5597659473370362,3.514773138461639,2.6743555987897745,4.198840869468569,-1.8176720770210877,32.21997626855924,39.47237839941986,3095.781,84.01704907053151,-0.27665405642743224,84.89007238977432
282,1.5594815668184234,3.5132992979150073,2.6430294964336345,4.198119631667182,-1.8179238657973993,32.7120225448885,40.037541469513684,3094.328,84.00173086716403,-0.01531820336748524,84.6157747712344
286,1.55468935359061,3.514484830704665,2.6584858447131823,4.198320288264955,-1.817160673909645,32.945022147355694,40.142730162011574,3086.531,83.74359751414073,-0.25813335302329676,84.1758360439255
290,1.5488741079890418,3.5109677353595243,2.629782173759164,4.1980467610750285,-1.8110297241968543,32.857549597381336,40.1165626728546,3085.625,83.43035835418966,-0.3132391599510669,83.89728778659699
294,1.538236598942558,3.5109358749578012,2.6622967647315545,4.199047008209673,-1.8094435644526072,32.629663328789654,39.87503330866132,3067.203,82.85736718133292,-0.5729911728567458,83.61002059747177
298,1.527914258251028,3.509393098217416,2.682380966742509,4.197669918520713,-1.8026537331443495,32.379859014262976,39.61961987024145,3058.157,82.30135260370756,-0.556014577625362,83.26688130410699
302,1.5285252629756445,3.5066782411556563,2.6401894768922713,4.197600624105256,-1.8031542757366414,32.68215852457039,40.067324667444815,3058.812,82.33426447360578,0.032911869898228474,82.93338802539532
306,1.522647325284378,3.5109885623008092,2.693769409137257,4.197985718630326,-1.7965666438696486,32.99387423636739,40.24716716520102,3058.578,82.01764839394087,-0.3166160796649109,82.58819820135535
310,1.5174859938489869,3.510305462695178,2.695787450704935,4.198164128530042,-1.7959771394311956,33.04539707211165,40.30253125568348,3049.328,81.73963242800902,-0.27801596593185707,82.25005301611922
313,1.605818899130659,3.5222215314850214,2.6920548172137724,4.222920057935785,-1.822916991757235,32.856295641052824,40.09418103142496,3177.219,86.49769888680268,4.758066458793664,82.97811935721317
316,1.5638491446744425,3.5163492154331264,2.629071246219689,4.200423045909808,-1.8294275689587538,33.33950238056361,40.52238496316615,3082.937,84.23699116610504,-2.2607077206976385,83.36524706969269
320,1.5480915247767786,3.5134397623234963,2.631343871050918,4.198372063670128,-1.816317296828028,33.35156485472646,40.56886357314186,3074.266,83.38820438085877,-0.8487867852462756,83.57603505114328
324,1.5323755631868592,3.515137522009075,2.6983970036642315,4.198353213898968,-1.8033689952639713,33.147486361012966,40.27804845768325,3066.0,82.54166152720488,-0.8465428536538866,83.68083767779608
328,1.5269528268489705,3.50830390643132,2.6338485871981514,4.197873789078739,-1.802670753119494,33.007275861749356,40.2921849196155,3056.437,82.24956494324317,-0.29209658396170823,83.78282418084291
332,1.5169573017136326,3.509190808443004,2.671566207861818,4.197955644238241,-1.7958941337499832,32.91990812745461,40.184384347174266,3048.219,81.71115433925789,-0.5384106039852838,82.82551527133394
336,1.5118975960142693,3.5068097579555353,2.6540810507928123,4.197918434710392,-1.795344963527795,32.99903328622305,40.320066232195046,3039.218,81.43861246029738,-0.2725418789605101,82.26583953017243
340,1.5065638960681105,3.50609090727422,2.656849703962618,4.197739340034368,-1.7893518988259454,33.03772281691292,40.336505612651585,3039.047,81.1513118362076,-0.28730062408978085,81.81846102124219
344,1.5015453526671363,3.5037157727265953,2.6363048614501152,4.19785490446139,-1.7883879159763685,33.07740307192613,40.43267631588412,3030.375,80.88098717121403,-0.27032466499356644,81.48632615004401
348,1.4908444050400238,3.5067479961367156,2.69951692300468,4.197306756122815,-1.7815447770741009,33.05467981523988,40.314538591575015,3021.0,80.30457886878683,-0.5764083024271969,81.09732893515275
352,1.485868384561201,3.5058813026542324,2.698216006032282,4.197528212001444,-1.7753115642966961,33.11570360624461,40.386661855917744,3021.75,80.03654470798278,-0.2680341608040493,80.76240700889772
356,1.480413677976106,3.504168333530808,2.6911707598773864,4.19743662221161,-1.7742377662318358,33.12942148982364,40.43384612547835,3012.265,79.74272604140161,-0.29381866658117417,80.42322972511857
360,1.4752095869031632,3.5030568931470634,2.690162319231471,4.197717228550219,-1.773860289771637,33.130681310493344,40.44479269068758,3002.641,79.46240682056631,-0.28031922083529537,80.08544872199032
364,1.4859035988304024,3.4982324882487936,2.6355034454892072,4.192454851360723,-1.7809702419814517,33.20069210329718,40.58499656066617,3012.0,80.03844153038008,0.5760347098137686,79.91693959382353
367,1.4960918298136696,3.5065859365661325,2.6594753656507684,4.202845001527377,-1.7879098523188452,33.78697527817091,40.99869158762305,3020.11,80.58723226653154,0.5487907361514601,79.97347027337247
371,1.4808005946928984,3.501457140697961,2.644554999824577,4.197952808231904,-1.780229415660985,33.673365085761986,40.997807625227495,3002.172000000006,79.76356737393388,-0.8236648925976624,79.91887480656268
375,1.4697543268466824,3.501658387162809,2.6719601666204564,4.198017952345714,-1.7731015168894209,33.535818118317145,40.84213757482493,2992.703,79.168558341158,-0.5950090327758772,79.80404126651396
379,1.4539012274845928,3.4966186408455298,2.6598211033173382,4.192162800008929,-1.7705879947441516,33.32269982188509,40.69012464267011,2964.468,78.31462853887025,-0.8539298022877517,79.57448561017476
383,1.4541462067235693,3.4991645719433246,2.688360455508818,4.196993378341778,-1.7600629827474803,33.346230327490304,40.69938049882204,2983.375,78.32782438583529,0.013195846965032842,79.23236218126578
387,1.455023751906683,3.496080777360074,2.6376728619288525,4.197603515102162,-1.765575132998529,33.64948900485925,41.06026204078849,2975.297,78.37509350133121,0.047269115495922165,78.78993442822573
391,1.449042163761236,3.4959014526387993,2.645120521151077,4.196406678544622,-1.7588271887545277,33.79269513542102,41.19696040482682,2974.9850000000006,78.05289427291893,-0.32219922841227344,78.44779980802272
395,1.4386709371480566,3.49758697990267,2.698012437629632,4.197098662004674,-1.7516428147438297,33.52446663707275,40.84446688602949,2966.25,77.49424644709048,-0.5586478258284586,78.11293742920923
399,1.433445432156979,3.4956989619989507,2.6928942772989077,4.196909312093871,-1.7513097768253418,33.39042251934235,40.764203830749366,2956.359,77.21277376203588,-0.2814726850545952,77.89256647384235
403,1.4333958900838095,3.492875380810072,2.6483923655058113,4.197105220217278,-1.7511840784846122,33.67370212742761,41.11212504270441,2956.344,77.21010517012333,-0.0026685919125526425,77.66902263069997
407,1.42806487344776,3.49551076423368,2.6832134764261997,4.196244829545076,-1.7446206812145286,33.91080564765892,41.27256611507568,2956.406,76.92294908297353,-0.28715608714979624,77.37859374702842
411,1.4229203181741186,3.4942333590450834,2.684960445221862,4.1968026018066595,-1.7436362428649814,33.7850680599871,41.15574924454392,2947.266,76.64583676775116,-0.277112315222368,77.09718224599489
415,1.417429032731308,3.491197414255986,2.669922120529456,4.196227405416926,-1.7425325036061032,33.61126807392732,41.03237216951879,2937.984,76.35004777498811,-0.2957889927630504,76.86834251157441
419,1.412409228794446,3.4889094081576237,2.664105530655056,4.196558172556389,-1.7419837011363046,33.45598581472246,40.937269906716935,2929.125,76.07965521102183,-0.27039256396628275,76.6417188013716
423,1.412578792940193,3.487376295811431,2.634098605983684,4.196870541112335,-1.7421680980861822,33.723267448788484,41.240704611971786,2928.454,76.08878881159706,0.009133600575225387,76.41745552966634
427,1.4075983731469897,3.491994243745711,2.68378702970616,4.196795527524874,-1.735841378420618,34.050076369857344,41.43649987692296,2929.375,75.82051768100095,-0.26827113059610497,76.19696924927182
431,1.4333920485221476,3.491585878898649,2.660031949282934,4.189287343772767,-1.7567879869499758,33.889346908026745,41.16703904201915,2946.031,77.20989824377314,1.389380562772189,76.30978154447621
433,1.4382550176792908,3.495576227046425,2.650011641082063,4.201144545237731,-1.7573176114092575,34.067648550088656,41.36216559728765,2955.438,77.47184287655712,0.2619446327839796,76.53414056479002
437,1.4173547174485526,3.4938988589692483,2.6936969083341418,4.196925753814179,-1.7427628393326555,33.75168100943646,41.02198772703674,2937.625,76.34604477007024,-1.125798106486883,76.5874184765997
441,1.406981663677643,3.49159162968384,2.697073130067154,4.196901090271507,-1.7352637407600366,33.46482299584788,40.78818812957494,2929.078,75.78729852409039,-0.5587462459798473,76.52712041909837
445,1.4012037783587625,3.4885729299834787,2.6806995515145213,4.196688955833435,-1.7344350518111926,33.40210697922146,40.81506138506309,2918.375,75.47607178190572,-0.3112267421846724,76.45823123927933
449,1.3967008232726328,3.4869021151089825,2.6695398084864568,4.196339302740304,-1.7280392046289716,33.410688917712235,40.858374219876424,2919.812,75.23351936621818,-0.24255241568754116,76.06295546376832
453,1.391284788852726,3.4855485210036417,2.671695307817951,4.196181412764837,-1.7326888725308258,33.38984948261314,40.839876773287166,2900.422,74.94178378216989,-0.2917355840482827,75.55694364489088
457,1.3862287677978349,3.4838912547260388,2.661289185949965,4.195770804194879,-1.7260735249920125,33.3700433438796,40.85376069244676,2901.375,74.66944037718937,-0.2723434049805178,75.22162276631471
461,1.3804366761974138,3.483198941484065,2.667817533540102,4.195456241846729,-1.7195393742714093,33.27215987470977,40.74795214258888,2901.187,74.35744841131499,-0.31199196587438394,74.93565274375962
465,1.3752364150256224,3.4836274447098883,2.684008069130594,4.19654355365607,-1.7185829844462923,33.222444215660225,40.68794001196382,2891.64,74.07733548873459,-0.28011292258040044,74.6559054851254
469,1.3705128024895008,3.480172442538601,2.6585256208771644,4.194357133255019,-1.717672415155695,33.26207748383125,40.7810749453613,2882.906,73.82289732324247,-0.2544381654921182,74.37378107653026
473,1.3705085566270399,3.478452148610975,2.6372250579822927,4.195863681881766,-1.7177080769362936,33.312029905516525,40.88159339768709,2883.265,73.8226686191633,-0.0002287040791770778,74.14995804392895
477,1.3647355108681518,3.4785782556105507,2.6514257735606432,4.1955845546644195,-1.7109669363015376,33.25287943255863,40.81191473576834,2882.969,73.51170256067292,-0.3109660584903793,73.91841048062565
481,1.375392016895762,3.4825195584604582,2.676384659108382,4.188483624251573,-1.7184206130755166,33.745054045019884,41.11793533148924,2891.656,74.08571700903981,0.5740144483668956,73.86406420017062
483,1.3861115151535393,3.4886823636752826,2.6949138502817815,4.200346502821317,-1.7260471943596487,33.88841975386692,41.248795355864885,2901.25,74.6631245442362,0.5774075351963859,73.98122201127094
485,1.3698500035838939,3.4858502383832755,2.6973343716306273,4.1981749992980655,-1.712021613408506,33.7353756996425,41.16242984455477,2891.703,73.78719555127383,-0.8759289929623719,73.9740816568772
489,1.3647827949260758,3.478794177297151,2.642540259937964,4.195715092938243,-1.711022510206629,33.59131052719714,41.16437554618679,2883.016,73.5142495242232,-0.2729460270506223,73.91239783788919
493,1.3543220466259964,3.4812826020756744,2.699226257883075,4.195755769877104,-1.703421414006958,33.32366688599416,40.864216180205034,2873.453,72.95077959801873,-0.5634699262044762,73.80021324535835
497,1.3546417018378962,3.480352041587074,2.676480329780849,4.195911764444989,-1.703574708739156,33.691961507697364,41.25434553511566,2874.031,72.96799787853683,0.01721828051810803,73.57666941925775
501,1.3547039213192407,3.4781127815565127,2.642142168479886,4.195824004004723,-1.7034912994217157,33.887639684793655,41.45023191903855,2874.234,72.97134934112401,0.0033514625871760018,73.23831437863532
505,1.349314997503458,3.4765867130506125,2.644725254926797,4.196258226051591,-1.7023383270190764,33.67308060941856,41.27708509224051,2864.984,72.68107407422197,-0.29027526690204297,73.01709008322494
509,1.3441891937970554,3.4733769291841643,2.632270655366611,4.196612664794988,-1.7014238498912502,33.411988203265814,41.064605154983276,2855.093,72.40497181525036,-0.2761022589716049,72.79523454143037
513,1.3389913790695755,3.4726366397371127,2.6391006118876117,4.195850781215982,-1.6950436046971957,33.29926524979532,40.99284868101728,2855.625,72.12499067079483,-0.2799811444555331,72.6300767559856
517,1.3389145230206971,3.473439372740961,2.637841830893275,4.1960023929619235,-1.695057731610264,33.59980731390034,41.29040553417739,2855.594,72.1208508070922,-0.004139863702633306,72.46064734169667
521,1.3340066759761655,3.4754777099091454,2.668286095904868,4.196207586734141,-1.6937809113323188,33.61961195858585,41.22740227746052,2847.437,71.8564888195292,-0.26436198756299234,72.23767523737772
525,1.3286444309174914,3.4722884821666766,2.6490198126838553,4.195534582569042,-1.6869434054016965,33.3945201718652,41.04619550953222,2847.36,71.56765060826295,-0.28883821126625264,72.0149905441859
529,1.3231708992276219,3.471373665098864,2.664058512378051,4.1957439573980455,-1.6860649112944592,33.16734508187535,40.85874389007758,2837.328,71.27281792431958,-0.29483268394336903,71.78855976599975
533,1.3181691588445197,3.4726160162875095,2.6883611693898826,4.19586805747139,-1.6795829780331424,33.10962161613893,40.79196924883506,2837.281,71.00339835664494,-0.26941956767464603,71.56424130316978
537,1.3184664436640334,3.4738146874457896,2.6869753836302124,4.195347750909715,-1.679793840292355,33.46501751186519,41.14127834456325,2838.515,71.01941165230103,0.01601329565609433,71.34395347221155
541,1.318293040102702,3.4701426486639693,2.6507536817766586,4.196065828878837,-1.6851739865098712,33.4426191014044,41.14429319149828,2828.328,71.01007124097441,-0.009340411326618892,71.1746699565006
545,1.323872422244268,3.467523652225441,2.6646322789106516,4.184534803011309,-1.6863812036302581,33.037928170775885,40.66184230912503,2838.265,71.3106055768929,0.3005343359184849,71.12326095022657
548,1.3601216766554785,3.4767525840839255,2.6400211837268666,4.201240476440081,-1.715777469309528,33.4949493613756,41.046694544970684,2864.547,73.26317762261326,1.952572045720359,71.52133288988531
552,1.3395306867947354,3.4758956827369127,2.674198661305034,4.195703567262997,-1.7007216920098716,33.491363029025784,41.0462053156659,2846.39,72.1540405700353,-1.1091370525779496,71.75146133256338
556,1.3290286565120697,3.475812179626641,2.696427051131168,4.195744519551191,-1.6928138295817332,33.329808599922345,40.868302643225604,2837.969,71.58834698305493,-0.5656935869803732,71.86524839871416
560,1.3236741274998955,3.4746554404904435,2.6928340297696836,4.196363050482315,-1.6861104874993165,33.27302769298771,40.85283588259973,2838.156,71.29992439790138,-0.2884225851535547,71.92321903009955
564,1.318633896753293,3.472301781313945,2.681747855329962,4.1957929878569455,-1.685043785043406,33.229879126701434,40.85270645265791,2829.843,71.02843154047166,-0.2714928574297204,71.8667842228153
568,1.3134751321324272,3.4729305773503527,2.696791414385091,4.195797286482793,-1.678524839793589,33.20860833999321,40.8263251809212,2829.625,70.75055383642601,-0.2778777040456504,71.36425946557786
572,1.3132020634442203,3.4696192030612285,2.664695973142795,4.196349384378125,-1.6839115230941766,33.236115055926255,40.90308836809665,2819.437,70.73584494666221,-0.014708889763795696,71.08062034090324
576,1.3077959946944353,3.470018470757559,2.679191623358613,4.195609431921248,-1.6773783325850857,33.18660088296571,40.84337405460518,2819.579,70.4446461650727,-0.2911987815895145,70.8518801773068
580,1.3030329186405918,3.470762691935287,2.699983457940659,4.195339917236225,-1.676425373206175,33.174058099115534,40.81792110626284,2810.672,70.18808229071344,-0.25656387435925865,70.6295117558692
584,1.3033573559038205,3.468111467035994,2.666300786624286,4.1954020570061195,-1.67627880896028,33.253984518546055,40.946993847659506,2811.485,70.20555815721221,0.017475866498770642,70.46493707921732
588,1.3034100438655642,3.4648625780221494,2.6308501373847837,4.195685302232799,-1.6817992883033976,33.3198093248819,41.074938058306316,2802.422,70.20839620292978,0.0028380457175671836,70.35650555251807
592,1.2978870806495706,3.467864133752208,2.673348140468748,4.195561297751176,-1.6750812261110137,33.33765795318198,41.02476444658572,2801.625,69.9109008817086,-0.2974953212211773,70.19151673952734
596,1.2980735056918902,3.464021404592563,2.632763831012711,4.196066962029683,-1.675366426273468,33.29076744042025,41.06214198725253,2802.031,69.92094269724848,0.010041815539878485,70.08677604596251
600,1.293463613844243,3.4664623858156745,2.6687371180046218,4.196640912532072,-1.6744879201095209,33.27568841807217,40.98366325567302,2793.39,69.67263011532883,-0.24831258191964878,69.98368561088557
604,1.288003392619118,3.46850906693551,2.696396337945361,4.1956235749123225,-1.6674467270234996,33.32067807371405,40.98234242711097,2793.39,69.37851440175622,-0.2941157135726087,69.81827685979438
608,1.2874525221379407,3.466806213058136,2.6794834862925194,4.195862008850563,-1.6674702882406252,33.37314972896719,41.06375085817118,2792.485,69.34884167276275,-0.02967272899347506,69.64636595376098
612,1.3090153642307354,3.471070722008039,2.6787137407179737,4.18482689434833,-1.6888978346592105,33.71351889594897,41.047029587744966,2802.016,70.5103277055252,1.161486032762454,69.7662513185243
614,1.3250793286429356,3.475472204020004,2.655378369801326,4.201968615940368,-1.6979281889133206,33.86531768239223,41.051007697556734,2820.39,71.37561578838873,0.865288082863529,70.05718593675235
